Top pages,Clicks,Impressions,CTR,Position
https://namba.ngo/ja/twin-peaks/,1439,40053,3.59%,11.23
https://namba.ngo/twin-peaks/,1173,19557,6%,12.31
https://namba.ngo/ja/,643,8289,7.76%,9.03
https://namba.ngo/,632,16067,3.93%,23.08
http://namba.ngo/twin-peaks/,113,1476,7.66%,18.41
https://namba.ngo/jobs/trail-maintenance-crew-2025/,64,896,7.14%,9.11
https://namba.ngo/ja/twin-peaks/access/,56,1305,4.29%,7.69
https://namba.ngo/ja/events/loic-bruni-in-niseko-2025/,47,761,6.18%,4.93
https://namba.ngo/ja/jobs/trail-maintenance-crew-2025/,39,508,7.68%,7.44
https://namba.ngo/events/,33,1195,2.76%,8.3
https://namba.ngo/raffle/,27,1504,1.8%,12.4
https://namba.ngo/ja/events/hirafu-bike-park-opens-2024/,26,800,3.25%,10.69
https://namba.ngo/events/niseko-trail-days-2025/,26,446,5.83%,12.82
https://namba.ngo/events/hirafu-bike-park-opens-2024/,23,1012,2.27%,11.95
https://namba.ngo/ja/raffle/,22,716,3.07%,8.53
https://namba.ngo/ja/twin-peaks/emergency/,21,961,2.19%,8.24
https://namba.ngo/ja/shop/,16,416,3.85%,8.01
https://namba.ngo/jobs/trail-crew-2024/,16,232,6.9%,21.36
https://namba.ngo/jobs/,14,636,2.2%,6.84
https://namba.ngo/events/loic-bruni-in-niseko-2025/,14,297,4.71%,12.39
https://namba.ngo/twin-peaks/access/,13,956,1.36%,7.62
https://namba.ngo/shop/,12,1197,1%,11.7
https://namba.ngo/auction/,12,748,1.6%,16.78
https://namba.ngo/events/niseko-mtb-weekend-2025/,12,345,3.48%,26.89
https://namba.ngo/ja/events/,11,379,2.9%,4.87
https://namba.ngo/jobs/project-trail-application-assistant-2025/,11,260,4.23%,7.77
https://namba.ngo/artist-series/,10,1407,0.71%,6.81
https://namba.ngo/events/niseko-gravel-autumn-ride-2024/,10,653,1.53%,11.25
https://namba.ngo/twin-peaks/emergency/,8,1434,0.56%,7.91
https://namba.ngo/ja/jobs/project-trail-application-assistant-2025/,8,94,8.51%,8.64
https://namba.ngo/jobs/operations-manager-2024/,7,207,3.38%,11.93
http://namba.ngo/,7,107,6.54%,22.96
https://namba.ngo/ja/get-involved/partner/,7,104,6.73%,10.11
https://namba.ngo/ja/events/akaigawa-tomo-challenge-cup-2025/,7,88,7.95%,7.33
https://namba.ngo/ja/events/akaigawa-pump-track-reopens-2024/,6,255,2.35%,10.31
https://namba.ngo/ja/events/niseko-mtb-weekend-2025/,6,241,2.49%,10.05
https://namba.ngo/get-involved/partner/,5,569,0.88%,8.52
https://namba.ngo/events/cruz-control-opening-weekend-2024/,5,400,1.25%,25.75
https://namba.ngo/shop/#!/NAMBA-t-shirt/p/587625550,4,268,1.49%,11.33
http://namba.ngo/ja/twin-peaks/,4,79,5.06%,12.42
https://namba.ngo/ja/jobs/,4,63,6.35%,12.87
https://namba.ngo/ja/events/downhill-series-2024/,4,42,9.52%,6.76
https://namba.ngo/events/downhill-series-2024/,4,41,9.76%,5.8
https://namba.ngo/events/season-opener-2024/,3,435,0.69%,15.69
https://namba.ngo/events/soil-searching-2024/,3,298,1.01%,11.51
https://namba.ngo/ja/events/soil-searching-2023/,3,233,1.29%,9.27
https://namba.ngo/ja/events/grand-opening-2023/,3,188,1.6%,6.38
https://namba.ngo/ja/get-involved/donate/,3,110,2.73%,6.46
https://namba.ngo/ja/jobs/subcommittee-volunteer-2024/,3,99,3.03%,9.51
https://namba.ngo/ja/events/season-opener-2024/,3,57,5.26%,9.35
https://namba.ngo/tats-for-trails-2024/,2,676,0.3%,11.45
https://namba.ngo/ja/artist-series/,2,334,0.6%,7.31
https://namba.ngo/get-involved/donate/,2,185,1.08%,8.78
https://namba.ngo/events/closing-weekend-2023/,2,83,2.41%,23.59
https://namba.ngo/terms/,2,40,5%,8.53
https://namba.ngo/get-involved/crowdfund/#!/~/cart,2,37,5.41%,23.57
https://namba.ngo/ja/events/monitor-tour-2024/,2,30,6.67%,21
https://namba.ngo/ja/events/soil-searching-2024/,2,10,20%,10.6
https://namba.ngo/get-involved/join/,1,1011,0.1%,6.84
https://namba.ngo/strava-contest-2024/,1,372,0.27%,22.33
https://namba.ngo/get-involved/crowdfund/,1,315,0.32%,17.79
https://namba.ngo/code-conduct/,1,296,0.34%,10.29
https://namba.ngo/events/soil-searching-2023/,1,262,0.38%,10.44
https://namba.ngo/ja/events/niseko-gravel-autumn-ride-2025/,1,221,0.45%,8.02
https://namba.ngo/ja/auction/,1,128,0.78%,9.05
https://namba.ngo/shop/#!/NAMBA-sticker/p/587315504,1,103,0.97%,15.23
https://namba.ngo/shop/#!/~/account,1,100,1%,10.38
https://namba.ngo/ja/get-involved/join/,1,93,1.08%,5.47
https://namba.ngo/ja/events/closing-weekend-2023/,1,93,1.08%,8.02
https://namba.ngo/twin-peaks/wet-trails/,1,92,1.09%,13.71
https://namba.ngo/ja/twin-peaks/rules/,1,73,1.37%,8.05
https://namba.ngo/shop/#!/Child-Membership/p/439535632,1,64,1.56%,7.31
https://namba.ngo/ja/tats-for-trails-2024/,1,50,2%,9.1
https://namba.ngo/raffle/#!/~/cart,1,41,2.44%,16.78
https://namba.ngo/get-involved/donate/#!/Family-Membership/p/439535633,1,28,3.57%,9.57
http://namba.ngo/ja/jobs/trail-maintenance-crew-2025/,1,22,4.55%,12.59
https://namba.ngo/ja/twin-peaks/commercial-pass/,1,9,11.11%,13.11
https://namba.ngo/events/akaigawa-pump-track-reopens-2024/,0,144,0%,17.06
https://namba.ngo/ja/get-involved/crowdfund/,0,138,0%,32.22
https://namba.ngo/shop/#!/Twin-Peaks-bike-park-organic-ribbed-beanie/p/587625506,0,129,0%,11.75
https://namba.ngo/get-involved/crowdfund/?t=raffle,0,121,0%,10.38
https://namba.ngo/privacy/,0,119,0%,8.33
https://namba.ngo/shop/#!/Twin-Peaks-bike-park-trucker-cap/p/587624005,0,97,0%,11.12
https://namba.ngo/events/soil-searching-2024/#!/~/cart,0,87,0%,24.71
https://namba.ngo/twin-peaks/rules/,0,81,0%,10.01
https://namba.ngo/shop/#!/NAMBA-t-shirt/p/587634527,0,67,0%,7.54
https://namba.ngo/shop/#!/Memberships/c/127408307,0,64,0%,7.59
https://namba.ngo/shop/#!/Twin-Peaks-bike-park-seed-funder-t-shirt/p/587683251,0,57,0%,16.28
https://namba.ngo/events/monitor-tour-2024/,0,52,0%,9.44
https://namba.ngo/tats-for-trails-2024/#!/~/account,0,50,0%,13.78
https://namba.ngo/ja/events/cruz-control-opening-weekend-2024/,0,48,0%,6.79
https://namba.ngo/get-involved/crowdfund/#!/Youth-Membership/p/439535154,0,48,0%,21.27
https://namba.ngo/events/grand-opening-2023/,0,45,0%,7.96
https://namba.ngo/ja/code-conduct/,0,45,0%,14.67
https://namba.ngo/get-involved/donate/#!/~/account,0,42,0%,6.98
https://namba.ngo/shop/#!/Twin-Peaks-bike-park-seed-funder-t-shirt/p/587625505,0,40,0%,24.8
https://namba.ngo/ja/events/niseko-gravel-autumn-ride-2024/,0,38,0%,6.45
https://namba.ngo/get-involved/join/#!/~/account,0,35,0%,13.29
https://namba.ngo/events/akaigawa-tomo-challenge-cup-2025/,0,34,0%,14.47
https://namba.ngo/ja/jobs/operations-manager-2024/,0,33,0%,9.06
https://namba.ngo/jobs/subcommittee-volunteer-2024/,0,30,0%,7.07
https://namba.ngo/get-involved/thanks/,0,30,0%,7.23
https://namba.ngo/ja/privacy/,0,26,0%,9.69
https://namba.ngo/ja/strava-contest-2024/,0,26,0%,12.65
https://namba.ngo/get-involved/crowdfund/?t=purchases#!/Twin-Peaks-trail-park-seed-funder-t-shirt/p/492433159,0,25,0%,43
https://namba.ngo/events/niseko-gravel-spring-ride-2024/,0,23,0%,9.43
https://namba.ngo/get-involved/join/#!/Adult-Membership/p/439543752,0,23,0%,14.78
https://namba.ngo/soil-searching/waver/,0,23,0%,22.3
https://namba.ngo/get-involved/crowdfund/#!//category=0,0,22,0%,12.64
https://namba.ngo/events/niseko-gravel-autumn-ride-2025/,0,20,0%,5.7
https://namba.ngo/get-involved/join/#!/p/439535632,0,19,0%,10.16
https://namba.ngo/ja/events/niseko-twin-trail-ride-2025/,0,18,0%,6.39
https://namba.ngo/events/rusutsu-dig-ride-2024/,0,18,0%,9.39
https://namba.ngo/get-involved/crowdfund/?t=purchases,0,14,0%,13.21
https://namba.ngo/twin-peaks/commercial-pass/,0,9,0%,5.44
https://namba.ngo/ja/events/rusutsu-dig-ride-2024/,0,9,0%,10.22
https://namba.ngo/shop/#!/NAMBA-Five-Panel-Cap/p/587315505,0,8,0%,4.88
https://namba.ngo/raffle/#!/~/account,0,8,0%,9.38
https://namba.ngo/events/soil-searching-2024/#!/Twin-Peaks-bike-park-trucker-cap/p/587624005,0,7,0%,8.86
https://namba.ngo/ja/events/niseko-gravel-spring-ride-2024/,0,7,0%,18.14
https://namba.ngo/twin-peaks/guides/,0,5,0%,4.6
https://namba.ngo/get-involved/join/#!/p/439543752,0,5,0%,6.2
https://namba.ngo/events/soil-searching-2024/#!/NAMBA-t-shirt/p/587634518,0,5,0%,6.6
https://namba.ngo/shop/#!/NAMBA-Five-Panel-Cap/p/587321251,0,5,0%,6.6
https://namba.ngo/events/soil-searching-2024/#!/NAMBA-sticker/p/587315504,0,5,0%,8.6
https://namba.ngo/events/soil-searching-2024/#!/Twin-Peaks-bike-park-seed-funder-t-shirt/p/587625505,0,4,0%,13.75
https://namba.ngo/shop/?_escaped_fragment_=/~/account,0,3,0%,1.33
https://namba.ngo/get-involved/crowdfund/?_escaped_fragment_=/~/cart,0,3,0%,1.67
https://namba.ngo/get-involved/crowdfund/?t=purchases#!/~/account,0,3,0%,5.67
https://namba.ngo/raffle/#!/c/0,0,3,0%,16
https://namba.ngo/get-involved/crowdfund/?_escaped_fragment_=//category%3D0,0,2,0%,1
https://namba.ngo/events/soil-searching-2024/#!/~/account,0,2,0%,5.5
https://namba.ngo/get-involved/donate/#!/Youth-Membership/p/439535154,0,2,0%,6.5
http://namba.ngo/events/,0,2,0%,7.5
http://namba.ngo/get-involved/join/,0,2,0%,7.5
http://namba.ngo/shop/,0,2,0%,7.5
https://namba.ngo/ja/twin-peaks/wet-trails/,0,2,0%,8
https://namba.ngo/get-involved/donate/#!/~/cart,0,2,0%,8.5
https://namba.ngo/ja/get-involved/crowdfund/?t=raffle,0,2,0%,9
https://namba.ngo/tats-for-trails-2024/#!/~/cart,0,2,0%,12
https://namba.ngo/shop#!/NAMBA-sticker/p/587315504,0,2,0%,17
https://namba.ngo/get-involved/crowdfund/?_escaped_fragment_=/Youth-Membership/p/439535154,0,1,0%,1
https://namba.ngo/shop#!/Youth-Membership/p/439535154,0,1,0%,1
"https://namba.ngo/shop/#!/NAMBA-t-shirt/p/587625550:~:text=We're%20not%20gonna%20beat,out%20this%20eco%2Dfriendly%20gem.&text=The%20sizes%20correspond%20to%20a,should%20order%20a%20size%20up.&text=Place%20the%20end%20of%20the,the%20bottom%20of%20the%20shirt.&text=Measure%20yourself%20around%20the%20fullest,Keep%20the%20tape%20measure%20horizontal.&text=Place%20one%20end%20of%20the,the%20hem%20of%20the%20sleeve.",0,1,0%,1
https://namba.ngo/shop/?_escaped_fragment_=/Memberships/c/127408307,0,1,0%,1
https://namba.ngo/shop/?_escaped_fragment_=/NAMBA-t-shirt/p/587634527,0,1,0%,1
https://namba.ngo/twin-peaks/guides,0,1,0%,2
https://namba.ngo/shop/#!/Youth-Membership/p/439535154,0,1,0%,3
https://namba.ngo/shop/?_escaped_fragment_=/NAMBA-sticker/p/587315504,0,1,0%,3
https://namba.ngo/events/niseko-twin-trail-ride-2025/,0,1,0%,4
https://namba.ngo/shop#!/Family-Membership/p/439535633,0,1,0%,7
https://namba.ngo/get-involved/donate/#!/Child-Membership/p/439535632/category=127408307,0,1,0%,8
https://namba.ngo/get-involved/donate/#!/Adult-Membership/p/439543752,0,1,0%,11
https://namba.ngo/assets/images/company/higuma/hanazono.g.png?d=1761744619,0,1,0%,13
https://namba.ngo/assets/images/company/higuma/odin-hills.png?d=1761744619,0,1,0%,13
https://namba.ngo/assets/images/company/shika/npb.png?d=1761744619,0,1,0%,14
https://namba.ngo/assets/images/logos/favicon.png,0,1,0%,16
https://namba.ngo/assets/images/twinpeaks/location.jpg,0,1,0%,18
https://namba.ngo/ja/soil-searching/waver/,0,1,0%,20
https://namba.ngo/assets/images/og/twinpeaks-2024.jpg?d=1761744619,0,1,0%,25
https://namba.ngo/get-involved/join/#!/Adult-Membership/p/439543752/category=127408307,0,1,0%,27
https://namba.ngo/events/soil-searching-2024/#!/Child-Membership/p/439535632,0,1,0%,38
https://namba.ngo/events/soil-searching-2024/#!/Twin-Peaks-bike-park-organic-ribbed-beanie/p/587625506,0,1,0%,90