Top queries,Clicks,Impressions,CTR,Position
ツインピークス ニセコ,301,488,61.68%,1.37
ニセコ ツインピークス,172,294,58.5%,1.74
namba niseko,163,195,83.59%,1.01
ニセコツインピークス,141,226,62.39%,1.62
twin peaks niseko,121,188,64.36%,1.31
twin peaks bike park,83,161,51.55%,1.65
namba ニセコ,80,112,71.43%,1.01
ニセコ マウンテンバイク,49,1489,3.29%,8
namba,45,7690,0.59%,31.65
ツインピークス,29,29607,0.1%,11.73
niseko mtb,26,229,11.35%,3.96
twin peaks bike park niseko,23,57,40.35%,1.49
ニセコ mtb,21,287,7.32%,6.43
niseko mountain biking,19,621,3.06%,8.22
ロイックブルーニ,13,116,11.21%,4.1
ニセコマウンテンバイク,9,168,5.36%,9.39
ニセコ バイク,9,67,13.43%,3.82
ロイック・ブルーニ,6,80,7.5%,2.67
niseko mountain bike,6,45,13.33%,2.8
ツインピークスバイクパーク,5,9,55.56%,1.67
mountain biking niseko,4,39,10.26%,3.26
niseko bike park,4,28,14.29%,3.46
bike park japan,3,145,2.07%,6.94
japan bike park,3,95,3.16%,8.52
niseko bike rental,3,95,3.16%,40.4
twin peaks trail,3,34,8.82%,20.32
bike rental near me,3,12,25%,2.83
twin peaks,2,232,0.86%,19.51
twin peaks japan,2,189,1.06%,14.64
twin peaks bike,2,153,1.31%,5.95
niseko gravel,2,152,1.32%,6.22
soil searching,2,90,2.22%,10.16
マウンテンバイク ニセコ,2,38,5.26%,5.13
ニセコトレイル 2025,2,38,5.26%,8.58
jobs near me,2,5,40%,2.4
ツイン・ピークス,1,3363,0.03%,11.82
niseko cycling,1,457,0.22%,37.59
niseko tattoo,1,118,0.85%,13.02
ニセコ マウンテンバイクコース,1,97,1.03%,7.64
twin peaks park,1,77,1.3%,20.52
loic bruni,1,60,1.67%,10.57
twin peaks bike ride,1,34,2.94%,12
bikepark japan,1,32,3.12%,4
japan mtb park,1,17,5.88%,8.59
twin peak park,1,15,6.67%,24.2
mountain bike raffle,1,14,7.14%,11.57
ベンカー,1,12,8.33%,10.92
niseko,1,8,12.5%,7.25
ニセコ 自転車,1,7,14.29%,16.57
mountain bike park japan,1,6,16.67%,8.67
mountain bike park,1,6,16.67%,31.5
mountain bike parks japan,1,5,20%,11.2
ニセコグラベル 2025,1,4,25%,27.75
twin peaks trails,1,3,33.33%,28
トレイル,1,2,50%,1
second hand bikes near me,1,2,50%,2
mountain biking near me,1,2,50%,5
twin peak trail,1,2,50%,5
hokkaido bike rental,1,2,50%,7
ツインピークス ツアー,1,2,50%,7
mtb bike rentals near me,1,1,100%,1
winter hiking trail near me,1,1,100%,1
倶知安町,1,1,100%,1
elevation parks,1,1,100%,3
mtb near me,1,1,100%,5
good place near me,1,1,100%,165
biking trails,0,1364,0%,11.18
twin peaks interactive maps,0,494,0%,63.46
niseko mountain bike tours,0,411,0%,19.16
niseko mountain bike trails,0,391,0%,10.15
niseko mtb trails,0,374,0%,14.43
niseko mountain bike experience,0,314,0%,18.35
ツイン ピークス,0,294,0%,21.04
niseko mtb experience,0,289,0%,18.07
niseko mtb tours,0,281,0%,18.87
ツインピークス 場所,0,277,0%,9.26
niseko area,0,224,0%,25.95
ピヴクス,0,223,0%,63.27
niseko road cycling tours,0,205,0%,21.7
niseko mountain bike rental,0,164,0%,28.71
ニセコ マウンテン ブランド,0,163,0%,27.04
namba group,0,158,0%,7.7
2024 namba,0,154,0%,57.15
59 niseko,0,145,0%,8.66
ついんぴーくす,0,144,0%,10.83
nampi bike,0,133,0%,25.03
twin peaks विनामूल्य,0,133,0%,58.48
nanba,0,130,0%,1.09
best mountain biking trails,0,123,0%,8.76
ニセコマウンテン,0,119,0%,8.02
japan downhill mountain biking,0,119,0%,33.87
2025 namba,0,109,0%,23.4
niseko road bike rental,0,107,0%,21.81
twin peaks in japan,0,102,0%,14.16
niseko mtb rental,0,96,0%,34.57
shika niseko,0,92,0%,42.04
ニセコ mtb コース,0,91,0%,7.29
クレイジーキング 求人,0,87,0%,28
フロー ホリデーニセコ,0,84,0%,36.29
mountain biking in japan,0,84,0%,51.37
niseko road cycling experience,0,82,0%,30.48
twin peaks beanie,0,81,0%,9.4
twin peaks mountain,0,81,0%,24.78
ピークス,0,80,0%,61.96
niseko road cycling,0,79,0%,53.96
niseko trail map,0,77,0%,61.96
namba membership,0,76,0%,7.11
ツインピークス 楽しみ方,0,75,0%,42.63
marketing niseko,0,70,0%,54.44
niseko road biking,0,67,0%,63.88
evolution 2nd namba,0,64,0%,8.97
mountain bike park phuket,0,62,0%,76.03
namba meaning,0,58,0%,1
mtb japan,0,57,0%,69.14
niseko builder,0,57,0%,69.95
namba store,0,54,0%,12.24
peak niseko,0,53,0%,34.19
ツインピーク,0,52,0%,16.25
nambawin,0,49,0%,6.49
niseko mountain karting,0,49,0%,35.92
niseko japan trail map,0,48,0%,78.69
niseko cycling routes,0,46,0%,42
樺ニセコ,0,45,0%,8.98
mountain bike japan,0,45,0%,40.27
mountain biking japan,0,43,0%,40.23
twin peaks मुफ्त में,0,43,0%,48.19
tuinnpi-kusu,0,41,0%,9.98
what is namba,0,38,0%,1
best bike trails near me,0,38,0%,12.55
creative nanba,0,35,0%,6.31
japan mountain bike,0,35,0%,62.06
ラッフルバイク とは,0,34,0%,6.06
niseko mountain bike experiences,0,34,0%,9.59
namba clothing,0,34,0%,17.94
ツインピークス バッジ,0,33,0%,7.27
bike park,0,32,0%,17.22
peaks bike,0,32,0%,49.94
グランヒラフ mtb,0,31,0%,8.61
niseko mountain,0,31,0%,36.84
hirafu park latest,0,30,0%,7.43
twin peak mountain,0,30,0%,76.97
ラッフル バイク,0,29,0%,9.28
tattoo niseko,0,28,0%,12.79
twin peaks twin peaks,0,27,0%,58.22
niseko mountain bike adventures,0,26,0%,8.04
twin peaks on map,0,26,0%,76.42
naba,0,25,0%,2.52
tomo namba,0,25,0%,11.6
twin peaks cycling,0,24,0%,9.42
ラッフルバイク,0,23,0%,10.35
best family mountain biking niseko,0,23,0%,11.04
北海道 マウンテンバイク,0,23,0%,14.35
japan bicycle auction,0,23,0%,70.39
twin peaks map,0,22,0%,22.73
nemba membership,0,21,0%,4.05
twin peaks loop,0,21,0%,5.48
family mountain biking niseko,0,21,0%,16.33
nanba meaning,0,20,0%,1
59 niseko tattoo,0,20,0%,7.35
ツインビークス,0,20,0%,11.1
namba association,0,19,0%,4.84
code namba,0,19,0%,8.21
mtb raffle,0,18,0%,19.11
オータムライド,0,17,0%,7.29
bike trail in japan,0,17,0%,10.59
strava competition,0,17,0%,16.06
ニセコ 自然,0,17,0%,22.71
twin peaks merch,0,17,0%,43.35
ノースマウンテン,0,17,0%,56.35
niseko job,0,16,0%,3.56
creative niseko,0,16,0%,31.19
blind auction,0,16,0%,36
niseko mountain map,0,16,0%,54.06
twin peaks trucker,0,15,0%,9.27
mountain bike sites,0,15,0%,39.6
namba gear,0,15,0%,41
site:.ngo,0,15,0%,73.87
mountain bikes japan,0,15,0%,76.73
mountain biking,0,14,0%,6.43
twin peaks parking,0,14,0%,13.93
billop niseko,0,14,0%,30.86
grand hirafu rentals,0,14,0%,78.14
local niseko product,0,14,0%,90.21
niseko hiking,0,13,0%,4.38
japan twin peaks,0,13,0%,10.46
wins namba,0,13,0%,29
web 抽選会 クラウド,0,13,0%,35.23
mtb in japan,0,13,0%,57.23
cruz control,0,13,0%,61.38
自転車屋,0,12,0%,5.08
namba.,0,12,0%,7.25
クルーフーパー,0,12,0%,7.83
park near me,0,12,0%,8.08
bike trails japan,0,12,0%,13.5
twin peaks tokyo,0,12,0%,14.83
summer raffle,0,12,0%,16.08
ayato kimura (ayato_trials) latest,0,12,0%,19.5
cruz control latest,0,12,0%,20.42
specialized soil searching,0,12,0%,31.75
namba.com,0,12,0%,43.42
ngo sticker,0,12,0%,43.58
japan mountain biking,0,12,0%,51.92
bike parks in japan,0,11,0%,8.36
バイク ラッフルとは,0,11,0%,9.09
倶知安 自転車屋,0,11,0%,9.91
ツインピークす,0,11,0%,10.91
ピークス 自転車,0,11,0%,16.09
general nanba,0,11,0%,36.45
mountain bike association,0,11,0%,53.82
hirafu trail map,0,11,0%,59.55
ニセコ bim,0,11,0%,67.36
bisiklet parlo,0,11,0%,75.09
map twin peaks,0,11,0%,83.73
樽前山 登山 熊,0,10,0%,1
namba tomo,0,10,0%,4.9
nisego sotwe,0,10,0%,7.7
チャンスング,0,10,0%,9.6
specialized turbo levo,0,10,0%,10.4
twin peak,0,10,0%,13.4
japan bike trails,0,10,0%,14.2
協賛のご案内,0,10,0%,17.7
намба,0,10,0%,36.7
bicycle raffle,0,10,0%,47.7
twin peaks maps,0,10,0%,61
japan mountain bicycle,0,10,0%,72
jobs niseko,0,9,0%,2.33
hiking trails near me,0,9,0%,2.78
niseko hiking trails,0,9,0%,3.33
loic bruni bike 2025,0,9,0%,3.67
strava competitions,0,9,0%,7.33
niseko trails,0,9,0%,7.44
biking trail japan,0,9,0%,7.89
twinpeaks,0,9,0%,8.56
niseko park,0,9,0%,10.11
ニセコ マウンテンバイク体験,0,9,0%,10.78
ツインピクス,0,9,0%,11.33
mountain bike in japan,0,9,0%,37
樺山タウンハウス ホリデーニセコ,0,9,0%,68.44
ninja trails,0,9,0%,85.22
hiking near me,0,8,0%,3.38
ヒラフ マウンテンバイク,0,8,0%,6.88
namba collection,0,8,0%,7.88
namba kids,0,8,0%,8.5
観光,0,8,0%,8.75
ツィンピークス,0,8,0%,10
ツインピークス 山,0,8,0%,10.25
hidden stand niseko latest,0,8,0%,14
niseko trail－head lodge,0,8,0%,50.62
mt niseko,0,8,0%,52.75
twin peaks mountain symbol,0,8,0%,90
nanbas,0,7,0%,1
nnanba,0,7,0%,1
自転車,0,7,0%,5.14
namba logo,0,7,0%,6.29
ナンバ オンライン,0,7,0%,7.14
mina kamuy legal services,0,7,0%,7.43
twin peaks cap,0,7,0%,8
hokkaido trails,0,7,0%,8.14
twin peaks web,0,7,0%,8.71
ボランティア委員,0,7,0%,8.71
grand hirafu park latest,0,7,0%,9.14
ツインピークス場所,0,7,0%,9.14
トゥインピークス,0,7,0%,10.29
twin peaks trail ride,0,7,0%,14
niseko family bike tours,0,7,0%,16.14
日本マウンテンバイク協会,0,7,0%,17.29
higuma niseko,0,7,0%,23.43
倶知安 観光,0,7,0%,25.43
japan mtb,0,7,0%,68
peak twin,0,7,0%,76
mountain bike in japanese,0,7,0%,77.86
マウンテンラヴ,0,7,0%,84
twin peaks location,0,7,0%,92
twin peaks sf hours,0,6,0%,1
what does namba mean,0,6,0%,1
nambea,0,6,0%,1.17
hiking in niseko,0,6,0%,2.5
バイクパーク 求人,0,6,0%,3.33
hokkaido mountain biking,0,6,0%,4.5
namab,0,6,0%,5.33
bikepark,0,6,0%,8.33
twin peaks ツイン・ピークス,0,6,0%,9.67
cycling in hokkaido,0,6,0%,10.17
niseko gravel 2025,0,6,0%,11.5
ツインピークス 地図,0,6,0%,12.67
two peaks,0,6,0%,17.67
nisade head office,0,6,0%,19.67
twin peaks world manager,0,6,0%,21
twin,0,6,0%,22.17
mountain biking association,0,6,0%,28.17
ニセコトレイル,0,6,0%,33
strava queen of the mountain,0,6,0%,34
キティ なんば 求人,0,6,0%,42.5
kabayama townhouses,0,6,0%,62.17
japan bike auction,0,6,0%,67.83
where is twin peaks mountain,0,6,0%,83
twin peaks फाइल,0,6,0%,152.17
twin peaks san francisco hours,0,5,0%,1
東大阪 熊,0,5,0%,1
twin peaks near me,0,5,0%,1.6
things to do,0,5,0%,3
trail work,0,5,0%,4.4
niseko activities,0,5,0%,6.2
nambta,0,5,0%,6.8
volunteer,0,5,0%,8.4
peaks,0,5,0%,9
ツイン・ピークス 場所,0,5,0%,9.6
hirafu park,0,5,0%,10.4
mountain bike code of conduct,0,5,0%,12.2
park niseko,0,5,0%,15.4
raffle draw prizes 2025,0,5,0%,16.2
niseko tattoo latest,0,5,0%,18.2
マウンテンバイク コース,0,5,0%,20.6
twin peaks web dl,0,5,0%,25.4
cruz control bike,0,5,0%,34
tobiu,0,5,0%,47
namba international,0,5,0%,47.4
倶知安 公園,0,5,0%,50.2
japanese twin peaks,0,5,0%,69
trail map niseko,0,5,0%,69.2
twin peaks peaks,0,5,0%,73
bruni,0,4,0%,1
mountain bike trails,0,4,0%,1
熊に遭遇 しない ために,0,4,0%,1
群馬県桐生市 熊,0,4,0%,1
群馬県桐生市熊,0,4,0%,1
job near me,0,4,0%,1.5
walking trails near me,0,4,0%,2
nanmba,0,4,0%,2.75
part time jobs,0,4,0%,3.25
apa namba,0,4,0%,3.5
トレック,0,4,0%,3.5
niseko trail,0,4,0%,4.25
募金活動とは,0,4,0%,6
bicycle shop near me,0,4,0%,6.25
グッズの名前が独特のアーティスト,0,4,0%,9
things to do in niseko other than skiing,0,4,0%,9.25
loic bruni bike,0,4,0%,9.5
ニセコ mtb ツアー,0,4,0%,10
マウンテンバイク協会,0,4,0%,10
サイクリングロード,0,4,0%,10.25
man dies at grand hirafu resort,0,4,0%,10.75
peaks park,0,4,0%,10.75
ニセコグラベル,0,4,0%,10.75
best cycling routes near me,0,4,0%,13.25
gym near me,0,4,0%,13.25
twin bike,0,4,0%,14
things to do in hirafu,0,4,0%,15.25
nmaba,0,4,0%,17.25
公園,0,4,0%,17.5
サイクリングロード 北海道,0,4,0%,20.75
mtb association,0,4,0%,24.75
stoked niseko,0,4,0%,24.75
ニセコ東急 グラン・ヒラフ,0,4,0%,25
twin peak mountains,0,4,0%,26.5
めんばーずみね屋,0,4,0%,26.5
北海道 マウンテンバイクコース,0,4,0%,28.5
bike association,0,4,0%,34.25
couple jobs niseko,0,4,0%,47.25
mountain bike auction,0,4,0%,47.75
shops near me,0,4,0%,49.75
twin peaks merchandise,0,4,0%,53
nbs niseko,0,4,0%,54
twin peaks japanese,0,4,0%,67.5
mountain bike community,0,4,0%,70
namba running,0,4,0%,70
local guide program,0,3,0%,1
namba club,0,3,0%,1
nanba.,0,3,0%,1
横浜 くま,0,3,0%,1
bike trail,0,3,0%,1.33
ニセコ ヒラフ 求人,0,3,0%,1.67
trek,0,3,0%,3
mtb,0,3,0%,3.33
bike shop near me,0,3,0%,3.67
snowshoeing near me,0,3,0%,3.67
soil search,0,3,0%,4
マウンテンバイクコース,0,3,0%,4.33
trail jobs,0,3,0%,4.67
what to do near me,0,3,0%,4.67
mtb skills park,0,3,0%,5
twin perk,0,3,0%,5
mtbパーク,0,3,0%,5.33
ロードバイク,0,3,0%,5.33
twin peaks peak,0,3,0%,5.67
biking in hokkaido,0,3,0%,7
namba organization,0,3,0%,7
walks near me,0,3,0%,7.67
クラブ,0,3,0%,7.67
hokkaido bike tour,0,3,0%,9
yemada peaks,0,3,0%,9
ニセコ マウンテンバイクツアー,0,3,0%,9
biking,0,3,0%,9.33
turbo levo,0,3,0%,9.33
246 namba,0,3,0%,9.67
tattoo trail,0,3,0%,9.67
what near me to do,0,3,0%,10
赤井川パンプトラック,0,3,0%,10
tacodake,0,3,0%,10.33
twin peaks twins,0,3,0%,10.67
cycling trail japan,0,3,0%,11.33
dev aikawa,0,3,0%,11.67
loic bruni partner,0,3,0%,12.33
mountain near niseko,0,3,0%,12.67
tein peaks,0,3,0%,13
top running trails near me,0,3,0%,13
gamers nanba shop,0,3,0%,13.33
hokkaido,0,3,0%,13.67
近く 観光,0,3,0%,14
namba media,0,3,0%,14.67
its.andy_uu instagram,0,3,0%,16.33
ニセコ マウンテンバイク レンタル,0,3,0%,17.67
59 niseko latest,0,3,0%,18.33
grand hirafu death,0,3,0%,21
コロポックルバイクパーク,0,3,0%,23.33
twin peaks shrine,0,3,0%,25
倶知安観光,0,3,0%,26.33
evo niseko,0,3,0%,27.67
近くの観光スポット,0,3,0%,27.67
strava king of the mountain,0,3,0%,28
namba ninja,0,3,0%,29.33
how to make a segment public on strava,0,3,0%,30
niseko in autumn,0,3,0%,30.33
standing bar niseko,0,3,0%,31.67
twin peaks ride,0,3,0%,33
ツインピークス 英語,0,3,0%,45
マウンテンバイク 北海道,0,3,0%,47
mountain in niseko,0,3,0%,47.33
niseko autumn,0,3,0%,47.33
ezobike,0,3,0%,53.33
arapuke mountain bike park,0,3,0%,55.67
hakulife,0,3,0%,55.67
北海道トラックス ボエム,0,3,0%,55.67
easyryder,0,3,0%,57.33
bruni downhill,0,3,0%,59.33
nambae,0,3,0%,60.67
ツインクルー,0,3,0%,61.67
twin peaks site,0,3,0%,65.67
ニセコ 観光,0,3,0%,67
ngo bike,0,3,0%,71.67
namba run,0,3,0%,73
the twin peak,0,3,0%,79
ngo merchandise,0,3,0%,84.33
twin peak map,0,3,0%,86.67
map niseko japan,0,3,0%,97
nambas,0,2,0%,1
near park,0,2,0%,1
nomaba,0,2,0%,1
浅間山 熊,0,2,0%,1
熊と戦う,0,2,0%,1
男体山 熊,0,2,0%,1
nameba,0,2,0%,1.5
things near me,0,2,0%,1.5
running tracks near me,0,2,0%,2
tokyobike,0,2,0%,2
仲間になろう,0,2,0%,2
近くの名所,0,2,0%,2
specialized bikes,0,2,0%,2.5
road bike rental,0,2,0%,3
twin peaks of mount fuji,0,2,0%,3
what does namba mean in japanese,0,2,0%,3
what to do around me,0,2,0%,3
ニセコ mtb 体験,0,2,0%,3
mountain bike parks near me,0,2,0%,3.5
mountain bike trails near me,0,2,0%,3.5
mountain bike day,0,2,0%,4.5
ボランティアの仕事,0,2,0%,4.5
loic bruni mtb,0,2,0%,5
park,0,2,0%,5
rental bike,0,2,0%,5
trail maintenance jobs,0,2,0%,5
ピエス千歳s2,0,2,0%,5
ボランティア求人,0,2,0%,5
ヒラフ 求人,0,2,0%,5.5
2nd hand bike shop near me,0,2,0%,6
hikes near me,0,2,0%,6
ngo,0,2,0%,6
paul namba,0,2,0%,6
ナンバ 自転車,0,2,0%,6
ニセコ サイクリング,0,2,0%,6
私たちと働きませんか,0,2,0%,6
nature near me,0,2,0%,6.5
rail trail jobs,0,2,0%,6.5
skyline bike park map,0,2,0%,6.5
ツインピークスマウンテン,0,2,0%,6.5
トレイルマーカーとは,0,2,0%,6.5
el loco niseko,0,2,0%,7
prize peaks,0,2,0%,7
近くの公園,0,2,0%,7
free ride park,0,2,0%,7.5
mnamba,0,2,0%,7.5
mtb コース,0,2,0%,7.5
twinpeak,0,2,0%,7.5
hidden stand niseko,0,2,0%,8
loic bruni 2025,0,2,0%,8
mountain near me,0,2,0%,8
tech store near me,0,2,0%,8
twin peaks downace.com,0,2,0%,8
ツインピークス キャップ,0,2,0%,8
loic bruni 2025 bike,0,2,0%,8.5
namba mission,0,2,0%,8.5
niseko cpr,0,2,0%,8.5
playground near me,0,2,0%,8.5
trail crew,0,2,0%,8.5
ニセコ東急グランヒラフ,0,2,0%,8.5
levo sl ltd,0,2,0%,9
namba arts,0,2,0%,9
speed namba,0,2,0%,9
テーマ・パーク a mountain we love,0,2,0%,9
自転車公園,0,2,0%,9
近くの散歩コース,0,2,0%,9
kutchan things to do,0,2,0%,10
nam ba,0,2,0%,10
twin peaks forest,0,2,0%,10
mountain biking hokkaido,0,2,0%,10.5
ツインぴーくす,0,2,0%,10.5
ニセコ mtb レンタル,0,2,0%,10.5
マウンテンバイクパーク,0,2,0%,10.5
nakamani,0,2,0%,11
specialized levo,0,2,0%,11
biki,0,2,0%,11.5
things to do in kutchan,0,2,0%,12
seedfunder,0,2,0%,13.5
trail maintenance crew,0,2,0%,15
バイク協会,0,2,0%,17
倶知安駅周辺 観光,0,2,0%,17.5
things to do niseko,0,2,0%,18
bike taki,0,2,0%,20
"loic bruni, athlete, latest",0,2,0%,20
niseko road cycling routes,0,2,0%,20
トレイルパーク,0,2,0%,20
what to do in niseko,0,2,0%,20.5
things to do in niseko,0,2,0%,21
バイク パーク,0,2,0%,21.5
twin peaks directions,0,2,0%,22
近くの観光,0,2,0%,23
levo japan,0,2,0%,24.5
twin peaks ऑनलाईन,0,2,0%,25
ритм-секция сезон download,0,2,0%,26
ニセコ マウンテンバイクレンタル,0,2,0%,26.5
mountain bike trails japan,0,2,0%,27.5
パニックリンゴスキー,0,2,0%,28.5
สวนจักรยาน,0,2,0%,31
twin peaks 119,0,2,0%,32.5
ニセコ ロード バイク,0,2,0%,33
bike parks,0,2,0%,33.5
twin peaks parking lot,0,2,0%,35.5
peaks 自転車,0,2,0%,37.5
king of mountain strava,0,2,0%,38
"intitle:""strava"" ""2026"" -tiktok.com -facebook.com -linkedin.com -x.com 
-instagram.com -reddit.com ""free"" ""download""",0,2,0%,38.5
nosara mtb,0,2,0%,38.5
ラッフル（ｌｕｆｆｌｅ）ｃａｆｅ,0,2,0%,40.5
bike raffles,0,2,0%,41
twin peak hiking,0,2,0%,41
オンライン 抽選会 クラウド,0,2,0%,42
ngo jobs in zanzibar,0,2,0%,43
バイク ツイン,0,2,0%,43
acnh mountain bike,0,2,0%,43.5
twin peaks area,0,2,0%,43.5
ニセコ観光協会,0,2,0%,43.5
evo sl japan,0,2,0%,45
ノースフェイス ニセコ,0,2,0%,46
ニセコ町議,0,2,0%,47
twin peaks font download,0,2,0%,48
mountainbike community,0,2,0%,53.5
santa cruz dj company,0,2,0%,55.5
seasons niseko owners,0,2,0%,57
fujimi panorama bike park,0,2,0%,58
niseko shopping,0,2,0%,58.5
general niseko,0,2,0%,59
bikes for trails,0,2,0%,59.5
twin peaks building,0,2,0%,60
grand hirafu rental,0,2,0%,61
japan auction bike,0,2,0%,62
peaks cycling,0,2,0%,65.5
niseko area code,0,2,0%,66.5
the peaks 事故,0,2,0%,70
twin peaks location map,0,2,0%,71
peak mountain bike,0,2,0%,71.5
powderlife magazine,0,2,0%,73
niseko things to do,0,2,0%,73.5
japanese mtb,0,2,0%,74
a mountain bike,0,2,0%,75.5
discression,0,2,0%,75.5
mtbトレイル 禁止,0,2,0%,81.5
twin peaks group,0,2,0%,82
bicycle for trails,0,2,0%,85
bike auction from japan,0,2,0%,87
ninjatrails,0,2,0%,88
strava segment challenge,0,2,0%,88.5
niseko lift map,0,2,0%,96
ニセコ 服屋,0,2,0%,106
twin peaks file,0,2,0%,149.5
attraction near me now,0,1,0%,1
bears in nova scotia,0,1,0%,1
best hiking trails near me,0,1,0%,1
best place near me,0,1,0%,1
best trekking near me,0,1,0%,1
bicycle around me,0,1,0%,1
bicycle mechanic near me,0,1,0%,1
bike park near me,0,1,0%,1
bike parking,0,1,0%,1
bike rental,0,1,0%,1
bike trail parks,0,1,0%,1
bike tril,0,1,0%,1
bike workshop near me,0,1,0%,1
cycle repair shop near me,0,1,0%,1
cycle trail near me,0,1,0%,1
cycling course near me,0,1,0%,1
cycling hokkaido,0,1,0%,1
dirt bike trails near me,0,1,0%,1
downhill mountain bike park,0,1,0%,1
fatbike near me,0,1,0%,1
fishkill ridge trail,0,1,0%,1
fitness nearby,0,1,0%,1
free stuff to do around me,0,1,0%,1
good snowshoeing trails near me,0,1,0%,1
grays peak trailhead,0,1,0%,1
hike near me,0,1,0%,1
hiker falls off cliff,0,1,0%,1
hikers rescued,0,1,0%,1
hiking trail near me,0,1,0%,1
hiking trails close to me,0,1,0%,1
how many hours to report missing person,0,1,0%,1
how to escape a mountain lion,0,1,0%,1
how to survive a chimpanzee attack,0,1,0%,1
is it safe to visit big bend national park,0,1,0%,1
jobs mtb,0,1,0%,1
long bike trails near me,0,1,0%,1
lost hiker,0,1,0%,1
missing hiker,0,1,0%,1
missing hiker rmnp,0,1,0%,1
mount niseko,0,1,0%,1
mountain rescue,0,1,0%,1
mountains near me,0,1,0%,1
mtb community,0,1,0%,1
mtb jump park,0,1,0%,1
mtb trails near me,0,1,0%,1
nac adventure park,0,1,0%,1
nearby park for walking,0,1,0%,1
niseko summer activities,0,1,0%,1
peak twins,0,1,0%,1
rental bicycle near me,0,1,0%,1
rental cycle near me,0,1,0%,1
restaurants niseko,0,1,0%,1
rotary raffle,0,1,0%,1
specialized shops near me,0,1,0%,1
spot foto terdekat,0,1,0%,1
t namba,0,1,0%,1
things to near me,0,1,0%,1
trail job,0,1,0%,1
trail worker,0,1,0%,1
twin park,0,1,0%,1
twin peaks requirements,0,1,0%,1
twinpeaks near me,0,1,0%,1
what to do near me today free,0,1,0%,1
yes,0,1,0%,1
…,0,1,0%,1
みたらい渓谷 熊,0,1,0%,1
カナダ 熊 対策,0,1,0%,1
サイクリング,0,1,0%,1
サイクリング コース,0,1,0%,1
ジャンプライン,0,1,0%,1
スキー場 熊,0,1,0%,1
タクティカルライト 熊,0,1,0%,1
テント 熊,0,1,0%,1
トルコ 熊,0,1,0%,1
トレイル 求人,0,1,0%,1
ニセコ,0,1,0%,1
ニセコ キッズパーク,0,1,0%,1
ニセコ ロードバイク体験,0,1,0%,1
ニセコ 働く,0,1,0%,1
ニセコ 熊,0,1,0%,1
ニセコアンヌプリ 登山 熊,0,1,0%,1
バス釣り 熊,0,1,0%,1
フルーツパーク 熊,0,1,0%,1
マウンテンバイク パーク,0,1,0%,1
メッツァビレッジ 熊,0,1,0%,1
俱知安 景點,0,1,0%,1
光岳 熊,0,1,0%,1
安全行動目標 例,0,1,0%,1
小熊 危険,0,1,0%,1
手稲区前田 熊,0,1,0%,1
最新情報はある？,0,1,0%,1
東京ツインパークス 駐車場,0,1,0%,1
東大阪熊,0,1,0%,1
渡良瀬 熊,0,1,0%,1
熊 バイク,0,1,0%,1
熊 子熊,0,1,0%,1
熊 格闘,0,1,0%,1
熊 渋柿,0,1,0%,1
熊との戦い方,0,1,0%,1
熊に襲われ,0,1,0%,1
熊に襲われる,0,1,0%,1
熊に遭遇しないために,0,1,0%,1
熊を助ける,0,1,0%,1
熊避け,0,1,0%,1
狭山丘陵 熊,0,1,0%,1
登別 熊,0,1,0%,1
自転車 熊,0,1,0%,1
菊池渓谷 熊,0,1,0%,1
西東京市 熊,0,1,0%,1
車 熊,0,1,0%,1
近く 熊,0,1,0%,1
遠足 熊,0,1,0%,1
高山 熊,0,1,0%,1
bccos snowmobile tracks report,0,1,0%,2
best hiking near me,0,1,0%,2
best hiking trail near me,0,1,0%,2
bike lessons kids,0,1,0%,2
bike tracks near me,0,1,0%,2
bmx course,0,1,0%,2
burton niseko photos,0,1,0%,2
child membership,0,1,0%,2
cruzcontrol,0,1,0%,2
keswick mountain rescue elderly fall rescue,0,1,0%,2
mountain bike giveaway 2025,0,1,0%,2
mountain bike rides,0,1,0%,2
mtb trail building jobs,0,1,0%,2
namba in english,0,1,0%,2
namba japanese,0,1,0%,2
national park rental,0,1,0%,2
niseko sunset,0,1,0%,2
off lead dog walks near me,0,1,0%,2
rail trail,0,1,0%,2
running park near me,0,1,0%,2
terrace mountain biking,0,1,0%,2
terrain park,0,1,0%,2
tourist attractions close to me,0,1,0%,2
tourist destination,0,1,0%,2
trek bicycles,0,1,0%,2
trial near me,0,1,0%,2
triathalon near me,0,1,0%,2
vtt,0,1,0%,2
where to ride bikes near me,0,1,0%,2
グレートノーザンホテル ツインピークス,0,1,0%,2
ニセコ マウンテンバイク 体験,0,1,0%,2
北海道マウンテンバイク,0,1,0%,2
網走 熊,0,1,0%,2
近くの観光 現在営業中,0,1,0%,2
activities near me free,0,1,0%,3
bike trails near me,0,1,0%,3
building mountain bike trails,0,1,0%,3
hiking niseko,0,1,0%,3
how much does it cost,0,1,0%,3
mountain bike store near me,0,1,0%,3
mountian biking,0,1,0%,3
namba japanese meaning,0,1,0%,3
niseko half day pass,0,1,0%,3
race emergency,0,1,0%,3
terrain park near me,0,1,0%,3
tomo cup,0,1,0%,3
tomyo bike,0,1,0%,3
trekking near me,0,1,0%,3
twin peaks brewing,0,1,0%,3
walking area near me,0,1,0%,3
ツインピークスとは,0,1,0%,3
近くのロードバイク,0,1,0%,3
近くの観光施設,0,1,0%,3
dirt bike shops,0,1,0%,4
dirtbike tyres,0,1,0%,4
downhill mountain biking near me,0,1,0%,4
family trails,0,1,0%,4
gravel bike trails near me,0,1,0%,4
hiking,0,1,0%,4
kids snow sled near me,0,1,0%,4
local parks near me,0,1,0%,4
mountain bike near me,0,1,0%,4
mountain biking near tokyo,0,1,0%,4
nambo,0,1,0%,4
nature park near me,0,1,0%,4
ride on mower,0,1,0%,4
snow downhill mountain biking,0,1,0%,4
things to do near me open now,0,1,0%,4
trek bikes,0,1,0%,4
ジャンプ ショップ 店舗,0,1,0%,4
バイク マナー,0,1,0%,4
マウンテンピークス,0,1,0%,4
募金活動,0,1,0%,4
登山道整備 仕事,0,1,0%,4
attraction nearby,0,1,0%,5
hiro namba,0,1,0%,5
mountain bike park near me,0,1,0%,5
mountain peaks,0,1,0%,5
mountainbike baan,0,1,0%,5
mtb park bike,0,1,0%,5
places to walk near me,0,1,0%,5
snow bike hokkaido,0,1,0%,5
snow sled near me,0,1,0%,5
things for kids near me,0,1,0%,5
trail maintenance worker,0,1,0%,5
trail management jobs,0,1,0%,5
what is the mountain near me,0,1,0%,5
what to do near me today,0,1,0%,5
winter hiking trails near me,0,1,0%,5
ツインピークス ロゴ,0,1,0%,5
近くのバイク屋,0,1,0%,5
bicycle nearby,0,1,0%,6
biking in summer,0,1,0%,6
burton niseko,0,1,0%,6
crew maintenance,0,1,0%,6
hirafu free ride park,0,1,0%,6
mountain bike rides near me,0,1,0%,6
mountain bike shop near me,0,1,0%,6
mountain bike trail,0,1,0%,6
mountain biking group,0,1,0%,6
niseko things to do not skiing,0,1,0%,6
pedal pub,0,1,0%,6
snowshoe trails near me,0,1,0%,6
things to do in niseko not skiing,0,1,0%,6
trek mountain bike,0,1,0%,6
twin peaks tickets,0,1,0%,6
twin peeks,0,1,0%,6
twink peak,0,1,0%,6
yes pls,0,1,0%,6
ニセコ 仕事,0,1,0%,6
ボランティア 求人,0,1,0%,6
倶知安 レンタサイクル,0,1,0%,6
bike mamba,0,1,0%,7
bike park map,0,1,0%,7
bike path in japan,0,1,0%,7
bike raffle tickets,0,1,0%,7
bikes near me,0,1,0%,7
destination near me,0,1,0%,7
"fox dhx performance, ride dynamics trail tune",0,1,0%,7
giant bikes,0,1,0%,7
hiking club for beginners,0,1,0%,7
mountain bike riding,0,1,0%,7
mountain bikinh,0,1,0%,7
mtb park in der nähe,0,1,0%,7
nammba 2025,0,1,0%,7
nearest twin peaks,0,1,0%,7
niseko jobs,0,1,0%,7
parks near me,0,1,0%,7
raffle bar,0,1,0%,7
rent bikes near me,0,1,0%,7
skills park mtb,0,1,0%,7
soil searching specialized,0,1,0%,7
teek bikes,0,1,0%,7
ここから近い自然スポット,0,1,0%,7
ニセコ ヒラフ,0,1,0%,7
ボランティア イベントスタッフ,0,1,0%,7
マウンテンバイク,0,1,0%,7
大人 自転車,0,1,0%,7
activities for kids near me,0,1,0%,8
bike trail park,0,1,0%,8
hidden stand coffee niseko,0,1,0%,8
hokkaido cycling,0,1,0%,8
japan bike trips,0,1,0%,8
kol twin peak,0,1,0%,8
levo park,0,1,0%,8
mountain bike sale near me,0,1,0%,8
namba google maps,0,1,0%,8
nambaa,0,1,0%,8
niseko (hokkaido),0,1,0%,8
niseko grand hirafu,0,1,0%,8
niseko kids activities,0,1,0%,8
nitamb,0,1,0%,8
opening days,0,1,0%,8
park with bike track,0,1,0%,8
peaks map,0,1,0%,8
queen of the mountain strava,0,1,0%,8
twin trails,0,1,0%,8
"what is the most popular cheap version of raffle tickets for leisure and 
entertainment venues in japan?",0,1,0%,8
ツインピークス リチャード リンダ,0,1,0%,8
ニセコ自転車,0,1,0%,8
自転車 サイクリング,0,1,0%,8
自転車屋 近く,0,1,0%,8
220m 55m 180m,0,1,0%,9
2peaks,0,1,0%,9
artist series official website,0,1,0%,9
biking in the park,0,1,0%,9
japan bike path,0,1,0%,9
jp bruni,0,1,0%,9
mountains near niseko,0,1,0%,9
mtb biking,0,1,0%,9
mtb jump park near me,0,1,0%,9
mtb park near me,0,1,0%,9
namba supermarket,0,1,0%,9
real ryder bikes,0,1,0%,9
shop near me within 1.6 km,0,1,0%,9
silkio,0,1,0%,9
specialized,0,1,0%,9
twin pek,0,1,0%,9
win a mountain bike,0,1,0%,9
バイクショップ,0,1,0%,9
北海道 マウンテンバイク 体験,0,1,0%,9
羊蹄山 サイクリング,0,1,0%,9
近くの散歩スポット,0,1,0%,9
artist series showcase,0,1,0%,10
best bike parks near me,0,1,0%,10
best cycle accessories shop near me,0,1,0%,10
bicycle park,0,1,0%,10
everyone ブランド 年齢 層,0,1,0%,10
kids park near me,0,1,0%,10
mountain bike track,0,1,0%,10
mountain bike trail builder,0,1,0%,10
nds niseko,0,1,0%,10
ngo t,0,1,0%,10
nimbus trail,0,1,0%,10
niseko peak,0,1,0%,10
rtnパークハイツ,0,1,0%,10
things to do near me now,0,1,0%,10
twin hike,0,1,0%,10
twin peaks mountain range,0,1,0%,10
twins peaks,0,1,0%,10
what to do in kutchan,0,1,0%,10
ひらふと,0,1,0%,10
サイクリングショップ,0,1,0%,10
ニセコ ヒラフ マウンテンバイク,0,1,0%,10
倶知安 自転車,0,1,0%,10
難波m5,0,1,0%,10
association,0,1,0%,11
bike park official website,0,1,0%,11
bike trail near me,0,1,0%,11
bikepark downhill,0,1,0%,11
hajime kashimo,0,1,0%,11
parque de bicicletas,0,1,0%,11
playgrounds near me,0,1,0%,11
powers a mountain biking website media company,0,1,0%,11
sando bike park,0,1,0%,11
things to do near me,0,1,0%,11
trailforks,0,1,0%,11
twean peeks,0,1,0%,11
twin peaks cart,0,1,0%,11
タイヤフリップ,0,1,0%,11
私には計り知れない,0,1,0%,11
adrenaline activities near me,0,1,0%,12
bike maintenance course,0,1,0%,12
bike parks near me with jumps,0,1,0%,12
flow fitness niseko,0,1,0%,12
loic bruni downhill,0,1,0%,12
tein praks,0,1,0%,12
trail maintenance,0,1,0%,12
trail work jobs,0,1,0%,12
twean peak,0,1,0%,12
twi peaks,0,1,0%,12
twin pearks,0,1,0%,12
ジャンプ 売上,0,1,0%,12
best hikes near me,0,1,0%,13
best mountain biking in japan,0,1,0%,13
evergreen bike trails,0,1,0%,13
family friendly activities,0,1,0%,13
hiking classes near me,0,1,0%,13
hiking courses,0,1,0%,13
kids activities near me,0,1,0%,13
kids area near me,0,1,0%,13
nonprofit,0,1,0%,13
tain peaks,0,1,0%,13
trek bike shop,0,1,0%,13
twin peaks hat,0,1,0%,13
twn peaks,0,1,0%,13
volunteering,0,1,0%,13
white mountain getaway raffle,0,1,0%,13
ベン・カー,0,1,0%,13
観光スポット,0,1,0%,13
biking park,0,1,0%,14
cycling classes near me,0,1,0%,14
peninsula bike trail,0,1,0%,14
sl オークション,0,1,0%,14
trail running classes near me,0,1,0%,14
twin peaks motorcycle,0,1,0%,15
スキルヴィンク,0,1,0%,15
hokkaido college of art & design,0,1,0%,16
nature things to do near me,0,1,0%,16
teon peaks,0,1,0%,16
ダウンヒルシリーズ,0,1,0%,16
nannba,0,1,0%,17
things for couples to do near me,0,1,0%,17
chance namba,0,1,0%,18
hirafu things to do,0,1,0%,18
japan raffle,0,1,0%,18
ngo jobs,0,1,0%,18
shopping near me now,0,1,0%,18
the namba,0,1,0%,18
trail days 2025,0,1,0%,18
bike raffle,0,1,0%,19
namba name,0,1,0%,19
numba park,0,1,0%,19
twin pes,0,1,0%,19
bike destinations near me,0,1,0%,20
namba hills,0,1,0%,21
niseko activity,0,1,0%,21
twin peaks t shirt,0,1,0%,21
things to do near me within 32.2 km,0,1,0%,23
makoto namba,0,1,0%,24
must do near me,0,1,0%,24
image?,0,1,0%,25
niseko loop,0,1,0%,25
yotei brewing,0,1,0%,26
スポーツ,0,1,0%,26
資金造成 募金箱,0,1,0%,26
近くの自然スポット,0,1,0%,26
bike days,0,1,0%,27
how old is loic bruni,0,1,0%,27
nomad wellness niseko,0,1,0%,27
world manager twin peaks,0,1,0%,27
ニセコ オーストラリア,0,1,0%,27
ニセコ 町議,0,1,0%,27
peaks twin,0,1,0%,28